"filename", "language", "JSON", "JavaScript", "PHP", "Markdown", "CSS", "XML", "comment", "blank", "total"
"/Users/Emmanuel/Sites/ngm/README.md", "Markdown", 0, 0, 0, 45, 0, 0, 0, 22, 67
"/Users/Emmanuel/Sites/ngm/_ide_helper.php", "PHP", 0, 0, 7839, 0, 0, 0, 16528, 348, 24715
"/Users/Emmanuel/Sites/ngm/app/Console/Kernel.php", "PHP", 0, 0, 15, 0, 0, 0, 7, 6, 28
"/Users/Emmanuel/Sites/ngm/app/Exceptions/Handler.php", "PHP", 0, 0, 21, 0, 0, 0, 21, 7, 49
"/Users/Emmanuel/Sites/ngm/app/Http/Controllers/AdminController.php", "PHP", 0, 0, 70, 0, 0, 0, 0, 34, 104
"/Users/Emmanuel/Sites/ngm/app/Http/Controllers/Auth/AuthenticatedSessionController.php", "PHP", 0, 0, 29, 0, 0, 0, 9, 11, 49
"/Users/Emmanuel/Sites/ngm/app/Http/Controllers/Auth/ConfirmablePasswordController.php", "PHP", 0, 0, 29, 0, 0, 0, 6, 7, 42
"/Users/Emmanuel/Sites/ngm/app/Http/Controllers/Auth/EmailVerificationNotificationController.php", "PHP", 0, 0, 17, 0, 0, 0, 3, 6, 26
"/Users/Emmanuel/Sites/ngm/app/Http/Controllers/Auth/EmailVerificationPromptController.php", "PHP", 0, 0, 16, 0, 0, 0, 3, 4, 23
"/Users/Emmanuel/Sites/ngm/app/Http/Controllers/Auth/NewPasswordController.php", "PHP", 0, 0, 40, 0, 0, 0, 14, 8, 62
"/Users/Emmanuel/Sites/ngm/app/Http/Controllers/Auth/PasswordController.php", "PHP", 0, 0, 21, 0, 0, 0, 3, 6, 30
"/Users/Emmanuel/Sites/ngm/app/Http/Controllers/Auth/PasswordResetLinkController.php", "PHP", 0, 0, 27, 0, 0, 0, 11, 7, 45
"/Users/Emmanuel/Sites/ngm/app/Http/Controllers/Auth/RegisteredUserController.php", "PHP", 0, 0, 35, 0, 0, 0, 8, 9, 52
"/Users/Emmanuel/Sites/ngm/app/Http/Controllers/Auth/VerifyEmailController.php", "PHP", 0, 0, 20, 0, 0, 0, 3, 6, 29
"/Users/Emmanuel/Sites/ngm/app/Http/Controllers/CategoriesController.php", "PHP", 0, 0, 29, 0, 0, 0, 1, 9, 39
"/Users/Emmanuel/Sites/ngm/app/Http/Controllers/Controller.php", "PHP", 0, 0, 9, 0, 0, 0, 0, 4, 13
"/Users/Emmanuel/Sites/ngm/app/Http/Controllers/Home/AboutController.php", "PHP", 0, 0, 117, 0, 0, 0, 0, 60, 177
"/Users/Emmanuel/Sites/ngm/app/Http/Controllers/Home/BikesalesController.php", "PHP", 0, 0, 15, 0, 0, 0, 0, 4, 19
"/Users/Emmanuel/Sites/ngm/app/Http/Controllers/Home/BlogCategoryController.php", "PHP", 0, 0, 47, 0, 0, 0, 0, 37, 84
"/Users/Emmanuel/Sites/ngm/app/Http/Controllers/Home/BlogController.php", "PHP", 0, 0, 105, 0, 0, 0, 0, 58, 163
"/Users/Emmanuel/Sites/ngm/app/Http/Controllers/Home/ContactController.php", "PHP", 0, 0, 39, 0, 0, 0, 0, 26, 65
"/Users/Emmanuel/Sites/ngm/app/Http/Controllers/Home/FooterController.php", "PHP", 0, 0, 30, 0, 0, 0, 0, 16, 46
"/Users/Emmanuel/Sites/ngm/app/Http/Controllers/Home/HomeSliderController.php", "PHP", 0, 0, 44, 0, 0, 0, 0, 24, 68
"/Users/Emmanuel/Sites/ngm/app/Http/Controllers/Home/PortfolioController.php", "PHP", 0, 0, 97, 0, 0, 0, 0, 52, 149
"/Users/Emmanuel/Sites/ngm/app/Http/Controllers/Home/RentalsController.php", "PHP", 0, 0, 23, 0, 0, 0, 0, 7, 30
"/Users/Emmanuel/Sites/ngm/app/Http/Controllers/Home/ServicesController.php", "PHP", 0, 0, 23, 0, 0, 0, 0, 7, 30
"/Users/Emmanuel/Sites/ngm/app/Http/Controllers/ProfileController.php", "PHP", 0, 0, 38, 0, 0, 0, 9, 14, 61
"/Users/Emmanuel/Sites/ngm/app/Http/Controllers/Welcome/WelcomeController.php", "PHP", 0, 0, 19, 0, 0, 0, 0, 6, 25
"/Users/Emmanuel/Sites/ngm/app/Http/Controllers/shop/ShopController.php", "PHP", 0, 0, 28, 0, 0, 0, 0, 8, 36
"/Users/Emmanuel/Sites/ngm/app/Http/Kernel.php", "PHP", 0, 0, 40, 0, 0, 0, 21, 7, 68
"/Users/Emmanuel/Sites/ngm/app/Http/Livewire/UserManagement.php", "PHP", 0, 0, 10, 0, 0, 0, 0, 4, 14
"/Users/Emmanuel/Sites/ngm/app/Http/Middleware/Authenticate.php", "PHP", 0, 0, 11, 0, 0, 0, 3, 4, 18
"/Users/Emmanuel/Sites/ngm/app/Http/Middleware/EncryptCookies.php", "PHP", 0, 0, 8, 0, 0, 0, 6, 4, 18
"/Users/Emmanuel/Sites/ngm/app/Http/Middleware/PreventRequestsDuringMaintenance.php", "PHP", 0, 0, 8, 0, 0, 0, 6, 4, 18
"/Users/Emmanuel/Sites/ngm/app/Http/Middleware/RedirectIfAuthenticated.php", "PHP", 0, 0, 20, 0, 0, 0, 5, 6, 31
"/Users/Emmanuel/Sites/ngm/app/Http/Middleware/TrimStrings.php", "PHP", 0, 0, 11, 0, 0, 0, 5, 4, 20
"/Users/Emmanuel/Sites/ngm/app/Http/Middleware/TrustHosts.php", "PHP", 0, 0, 12, 0, 0, 0, 5, 4, 21
"/Users/Emmanuel/Sites/ngm/app/Http/Middleware/TrustProxies.php", "PHP", 0, 0, 14, 0, 0, 0, 10, 5, 29
"/Users/Emmanuel/Sites/ngm/app/Http/Middleware/ValidateSignature.php", "PHP", 0, 0, 8, 0, 0, 0, 11, 4, 23
"/Users/Emmanuel/Sites/ngm/app/Http/Middleware/VerifyCsrfToken.php", "PHP", 0, 0, 8, 0, 0, 0, 6, 4, 18
"/Users/Emmanuel/Sites/ngm/app/Http/Requests/Auth/LoginRequest.php", "PHP", 0, 0, 51, 0, 0, 0, 21, 14, 86
"/Users/Emmanuel/Sites/ngm/app/Http/Requests/ProfileUpdateRequest.php", "PHP", 0, 0, 15, 0, 0, 0, 5, 4, 24
"/Users/Emmanuel/Sites/ngm/app/Models/About.php", "PHP", 0, 0, 9, 0, 0, 0, 0, 4, 13
"/Users/Emmanuel/Sites/ngm/app/Models/Blog.php", "PHP", 0, 0, 12, 0, 0, 0, 0, 8, 20
"/Users/Emmanuel/Sites/ngm/app/Models/BlogCategory.php", "PHP", 0, 0, 9, 0, 0, 0, 0, 4, 13
"/Users/Emmanuel/Sites/ngm/app/Models/Category.php", "PHP", 0, 0, 21, 0, 0, 0, 0, 7, 28
"/Users/Emmanuel/Sites/ngm/app/Models/Contact.php", "PHP", 0, 0, 9, 0, 0, 0, 0, 4, 13
"/Users/Emmanuel/Sites/ngm/app/Models/Footer.php", "PHP", 0, 0, 9, 0, 0, 0, 0, 4, 13
"/Users/Emmanuel/Sites/ngm/app/Models/HomeSlide.php", "PHP", 0, 0, 9, 0, 0, 0, 6, 8, 23
"/Users/Emmanuel/Sites/ngm/app/Models/MultiImage.php", "PHP", 0, 0, 9, 0, 0, 0, 0, 4, 13
"/Users/Emmanuel/Sites/ngm/app/Models/Oxford.php", "PHP", 0, 0, 34, 0, 0, 0, 4, 6, 44
"/Users/Emmanuel/Sites/ngm/app/Models/Portfolio.php", "PHP", 0, 0, 9, 0, 0, 0, 0, 4, 13
"/Users/Emmanuel/Sites/ngm/app/Models/Product.php", "PHP", 0, 0, 38, 0, 0, 0, 0, 6, 44
"/Users/Emmanuel/Sites/ngm/app/Models/Product_Type.php", "PHP", 0, 0, 8, 0, 0, 0, 0, 4, 12
"/Users/Emmanuel/Sites/ngm/app/Models/User.php", "PHP", 0, 0, 36, 0, 0, 0, 27, 9, 72
"/Users/Emmanuel/Sites/ngm/app/Providers/AppServiceProvider.php", "PHP", 0, 0, 18, 0, 0, 0, 6, 5, 29
"/Users/Emmanuel/Sites/ngm/app/Providers/AuthServiceProvider.php", "PHP", 0, 0, 17, 0, 0, 0, 10, 5, 32
"/Users/Emmanuel/Sites/ngm/app/Providers/BroadcastServiceProvider.php", "PHP", 0, 0, 12, 0, 0, 0, 3, 5, 20
"/Users/Emmanuel/Sites/ngm/app/Providers/EventServiceProvider.php", "PHP", 0, 0, 21, 0, 0, 0, 12, 6, 39
"/Users/Emmanuel/Sites/ngm/app/Providers/RouteServiceProvider.php", "PHP", 0, 0, 28, 0, 0, 0, 13, 8, 49
"/Users/Emmanuel/Sites/ngm/app/Providers/TelescopeServiceProvider.php", "PHP", 0, 0, 42, 0, 0, 0, 13, 11, 66
"/Users/Emmanuel/Sites/ngm/app/View/Components/AppLayout.php", "PHP", 0, 0, 11, 0, 0, 0, 3, 4, 18
"/Users/Emmanuel/Sites/ngm/app/View/Components/GuestLayout.php", "PHP", 0, 0, 11, 0, 0, 0, 3, 4, 18
"/Users/Emmanuel/Sites/ngm/bootstrap/app.php", "PHP", 0, 0, 17, 0, 0, 0, 30, 9, 56
"/Users/Emmanuel/Sites/ngm/composer.json", "JSON", 79, 0, 0, 0, 0, 0, 0, 1, 80
"/Users/Emmanuel/Sites/ngm/composer.lock", "JSON", 10131, 0, 0, 0, 0, 0, 0, 1, 10132
"/Users/Emmanuel/Sites/ngm/config/app.php", "PHP", 0, 0, 49, 0, 0, 0, 134, 34, 217
"/Users/Emmanuel/Sites/ngm/config/auth.php", "PHP", 0, 0, 28, 0, 0, 0, 74, 14, 116
"/Users/Emmanuel/Sites/ngm/config/broadcasting.php", "PHP", 0, 0, 35, 0, 0, 0, 23, 13, 71
"/Users/Emmanuel/Sites/ngm/config/cache.php", "PHP", 0, 0, 58, 0, 0, 0, 34, 19, 111
"/Users/Emmanuel/Sites/ngm/config/cors.php", "PHP", 0, 0, 3, 0, 0, 0, 29, 3, 35
"/Users/Emmanuel/Sites/ngm/config/database.php", "PHP", 0, 0, 83, 0, 0, 0, 47, 22, 152
"/Users/Emmanuel/Sites/ngm/config/filesystems.php", "PHP", 0, 0, 32, 0, 0, 0, 32, 13, 77
"/Users/Emmanuel/Sites/ngm/config/hashing.php", "PHP", 0, 0, 12, 0, 0, 0, 32, 9, 53
"/Users/Emmanuel/Sites/ngm/config/logging.php", "PHP", 0, 0, 71, 0, 0, 0, 34, 19, 124
"/Users/Emmanuel/Sites/ngm/config/mail.php", "PHP", 0, 0, 53, 0, 0, 0, 53, 19, 125
"/Users/Emmanuel/Sites/ngm/config/permission.php", "PHP", 0, 0, 30, 0, 0, 0, 91, 41, 162
"/Users/Emmanuel/Sites/ngm/config/queue.php", "PHP", 0, 0, 47, 0, 0, 0, 32, 15, 94
"/Users/Emmanuel/Sites/ngm/config/sanctum.php", "PHP", 0, 0, 15, 0, 0, 0, 41, 12, 68
"/Users/Emmanuel/Sites/ngm/config/services.php", "PHP", 0, 0, 17, 0, 0, 0, 11, 7, 35
"/Users/Emmanuel/Sites/ngm/config/session.php", "PHP", 0, 0, 22, 0, 0, 0, 147, 33, 202
"/Users/Emmanuel/Sites/ngm/config/telescope.php", "PHP", 0, 0, 80, 0, 0, 0, 72, 36, 188
"/Users/Emmanuel/Sites/ngm/config/view.php", "PHP", 0, 0, 10, 0, 0, 0, 20, 7, 37
"/Users/Emmanuel/Sites/ngm/database/factories/UserFactory.php", "PHP", 0, 0, 31, 0, 0, 0, 11, 5, 47
"/Users/Emmanuel/Sites/ngm/database/migrations/2014_10_12_000000_create_users_table.php", "PHP", 0, 0, 33, 0, 0, 0, 6, 4, 43
"/Users/Emmanuel/Sites/ngm/database/migrations/2014_10_12_100000_create_password_reset_tokens_table.php", "PHP", 0, 0, 19, 0, 0, 0, 6, 4, 29
"/Users/Emmanuel/Sites/ngm/database/migrations/2018_08_08_100000_create_telescope_entries_table.php", "PHP", 0, 0, 50, 0, 0, 0, 9, 12, 71
"/Users/Emmanuel/Sites/ngm/database/migrations/2019_08_19_000000_create_failed_jobs_table.php", "PHP", 0, 0, 23, 0, 0, 0, 6, 4, 33
"/Users/Emmanuel/Sites/ngm/database/migrations/2019_12_14_000001_create_personal_access_tokens_table.php", "PHP", 0, 0, 24, 0, 0, 0, 6, 4, 34
"/Users/Emmanuel/Sites/ngm/database/migrations/2022_03_15_134152_create_home_slides_table.php", "PHP", 0, 0, 22, 0, 0, 0, 10, 4, 36
"/Users/Emmanuel/Sites/ngm/database/migrations/2022_03_15_195407_create_abouts_table.php", "PHP", 0, 0, 23, 0, 0, 0, 10, 4, 37
"/Users/Emmanuel/Sites/ngm/database/migrations/2022_03_17_011709_create_multi_images_table.php", "PHP", 0, 0, 19, 0, 0, 0, 10, 4, 33
"/Users/Emmanuel/Sites/ngm/database/migrations/2022_03_17_160527_create_portfolios_table.php", "PHP", 0, 0, 22, 0, 0, 0, 10, 4, 36
"/Users/Emmanuel/Sites/ngm/database/migrations/2022_03_19_173323_create_blog_categories_table.php", "PHP", 0, 0, 19, 0, 0, 0, 10, 4, 33
"/Users/Emmanuel/Sites/ngm/database/migrations/2022_03_20_073209_create_blogs_table.php", "PHP", 0, 0, 23, 0, 0, 0, 10, 4, 37
"/Users/Emmanuel/Sites/ngm/database/migrations/2022_03_22_074642_create_footers_table.php", "PHP", 0, 0, 25, 0, 0, 0, 10, 4, 39
"/Users/Emmanuel/Sites/ngm/database/migrations/2022_03_22_083513_create_contacts_table.php", "PHP", 0, 0, 23, 0, 0, 0, 10, 4, 37
"/Users/Emmanuel/Sites/ngm/database/migrations/2023_03_26_020003_create_permission_tables.php", "PHP", 0, 0, 108, 0, 0, 0, 10, 24, 142
"/Users/Emmanuel/Sites/ngm/database/migrations/2023_03_26_021036_create_products_table.php", "PHP", 0, 0, 32, 0, 0, 0, 6, 4, 42
"/Users/Emmanuel/Sites/ngm/database/migrations/2023_03_26_021049_create_sales_table.php", "PHP", 0, 0, 38, 0, 0, 0, 6, 5, 49
"/Users/Emmanuel/Sites/ngm/database/migrations/2023_03_31_123209_create_product_types_table.php", "PHP", 0, 0, 19, 0, 0, 0, 6, 4, 29
"/Users/Emmanuel/Sites/ngm/database/migrations/2023_03_31_123937_create_category_table.php", "PHP", 0, 0, 21, 0, 0, 0, 6, 5, 32
"/Users/Emmanuel/Sites/ngm/database/migrations/2023_03_31_124540_create_posts_table.php", "PHP", 0, 0, 26, 0, 0, 0, 6, 5, 37
"/Users/Emmanuel/Sites/ngm/database/migrations/2023_03_31_125019_create_oxfords_table.php", "PHP", 0, 0, 41, 0, 0, 0, 6, 4, 51
"/Users/Emmanuel/Sites/ngm/database/seeders/DatabaseSeeder.php", "PHP", 0, 0, 12, 0, 0, 0, 9, 6, 27
"/Users/Emmanuel/Sites/ngm/database/seeders/PermissionsDemoSeeder.php", "PHP", 0, 0, 42, 0, 0, 0, 10, 11, 63
"/Users/Emmanuel/Sites/ngm/package-lock.json", "JSON", 1754, 0, 0, 0, 0, 0, 0, 1, 1755
"/Users/Emmanuel/Sites/ngm/package.json", "JSON", 20, 0, 0, 0, 0, 0, 0, 1, 21
"/Users/Emmanuel/Sites/ngm/phpunit.xml", "XML", 0, 0, 0, 0, 0, 29, 2, 1, 32
"/Users/Emmanuel/Sites/ngm/postcss.config.js", "JavaScript", 0, 6, 0, 0, 0, 0, 0, 1, 7
"/Users/Emmanuel/Sites/ngm/public/build/assets/about-hero-c6266883.svg", "XML", 0, 0, 0, 0, 0, 1, 0, 0, 1
"/Users/Emmanuel/Sites/ngm/public/build/assets/app-538b603c.css", "CSS", 0, 0, 0, 0, 1, 0, 0, 1, 2
"/Users/Emmanuel/Sites/ngm/public/build/assets/app-87bdef62.js", "JavaScript", 0, 2, 0, 0, 0, 0, 5, 1, 8
"/Users/Emmanuel/Sites/ngm/public/build/assets/fontawesome-webfont-8e358638.svg", "XML", 0, 0, 0, 0, 0, 685, 0, 0, 685
"/Users/Emmanuel/Sites/ngm/public/build/manifest.json", "JSON", 1578, 0, 0, 0, 0, 0, 0, 0, 1578
"/Users/Emmanuel/Sites/ngm/public/index.php", "PHP", 0, 0, 14, 0, 0, 0, 30, 12, 56
"/Users/Emmanuel/Sites/ngm/public/vendor/telescope/app-dark.css", "CSS", 0, 0, 0, 0, 2, 0, 5, 2, 9
"/Users/Emmanuel/Sites/ngm/public/vendor/telescope/app.css", "CSS", 0, 0, 0, 0, 2, 0, 5, 1, 8
"/Users/Emmanuel/Sites/ngm/public/vendor/telescope/app.js", "JavaScript", 0, 1, 0, 0, 0, 0, 1, 0, 2
"/Users/Emmanuel/Sites/ngm/public/vendor/telescope/mix-manifest.json", "JSON", 5, 0, 0, 0, 0, 0, 0, 1, 6
"/Users/Emmanuel/Sites/ngm/resources/accordion-menu/css/font-awesome.css", "CSS", 0, 0, 0, 0, 1666, 0, 9, 1, 1676
"/Users/Emmanuel/Sites/ngm/resources/accordion-menu/css/fonts/fontawesome-webfont.svg", "XML", 0, 0, 0, 0, 0, 520, 0, 0, 520
"/Users/Emmanuel/Sites/ngm/resources/accordion-menu/css/jquery-accordion-menu.css", "CSS", 0, 0, 0, 0, 253, 0, 28, 40, 321
"/Users/Emmanuel/Sites/ngm/resources/accordion-menu/js/jquery-1.11.1.min.js", "JavaScript", 0, 3, 0, 0, 0, 0, 1, 1, 5
"/Users/Emmanuel/Sites/ngm/resources/accordion-menu/js/jquery-accordion-menu.js", "JavaScript", 0, 82, 0, 0, 0, 0, 5, 19, 106
"/Users/Emmanuel/Sites/ngm/resources/css/animate.css", "CSS", 0, 0, 0, 0, 2817, 0, 16, 470, 3303
"/Users/Emmanuel/Sites/ngm/resources/css/app.css", "CSS", 0, 0, 0, 0, 3, 0, 0, 0, 3
"/Users/Emmanuel/Sites/ngm/resources/css/bootstrap.css", "CSS", 0, 0, 0, 0, 8294, 0, 8, 1009, 9311
"/Users/Emmanuel/Sites/ngm/resources/css/colors/color1.css", "CSS", 0, 0, 0, 0, 0, 0, 0, 1, 1
"/Users/Emmanuel/Sites/ngm/resources/css/colors/color2.css", "CSS", 0, 0, 0, 0, 108, 0, 6, 6, 120
"/Users/Emmanuel/Sites/ngm/resources/css/colors/color3.css", "CSS", 0, 0, 0, 0, 108, 0, 6, 6, 120
"/Users/Emmanuel/Sites/ngm/resources/css/colors/color4.css", "CSS", 0, 0, 0, 0, 108, 0, 6, 6, 120
"/Users/Emmanuel/Sites/ngm/resources/css/custom.css", "CSS", 0, 0, 0, 0, 0, 0, 0, 1, 1
"/Users/Emmanuel/Sites/ngm/resources/css/flexslider.css", "CSS", 0, 0, 0, 0, 240, 0, 26, 1, 267
"/Users/Emmanuel/Sites/ngm/resources/css/font-awesome.css", "CSS", 0, 0, 0, 0, 2189, 0, 10, 673, 2872
"/Users/Emmanuel/Sites/ngm/resources/css/jquery-ui.css", "CSS", 0, 0, 0, 0, 1222, 0, 48, 43, 1313
"/Users/Emmanuel/Sites/ngm/resources/css/magnific-popup.css", "CSS", 0, 0, 0, 0, 320, 0, 6, 40, 366
"/Users/Emmanuel/Sites/ngm/resources/css/owl.carousel.css", "CSS", 0, 0, 0, 0, 132, 0, 23, 17, 172
"/Users/Emmanuel/Sites/ngm/resources/css/responsive.css", "CSS", 0, 0, 0, 0, 507, 0, 5, 140, 652
"/Users/Emmanuel/Sites/ngm/resources/css/shortcodes.css", "CSS", 0, 0, 0, 0, 2184, 0, 140, 495, 2819
"/Users/Emmanuel/Sites/ngm/resources/css/style.css", "CSS", 0, 0, 0, 0, 2521, 0, 110, 490, 3121
"/Users/Emmanuel/Sites/ngm/resources/css/woocommerce.css", "CSS", 0, 0, 0, 0, 322, 0, 18, 49, 389
"/Users/Emmanuel/Sites/ngm/resources/fonts/fontawesome-webfont.svg", "XML", 0, 0, 0, 0, 0, 685, 0, 0, 685
"/Users/Emmanuel/Sites/ngm/resources/img/about-hero.svg", "XML", 0, 0, 0, 0, 0, 1, 0, 0, 1
"/Users/Emmanuel/Sites/ngm/resources/javascript/bootstrap.min.js", "JavaScript", 0, 2, 0, 0, 0, 0, 5, 0, 7
"/Users/Emmanuel/Sites/ngm/resources/javascript/equalize.min.js", "JavaScript", 0, 1, 0, 0, 0, 0, 8, 0, 9
"/Users/Emmanuel/Sites/ngm/resources/javascript/gmap3.min.js", "JavaScript", 0, 1, 0, 0, 0, 0, 12, 0, 13
"/Users/Emmanuel/Sites/ngm/resources/javascript/jquery.flexslider-min.js", "JavaScript", 0, 1, 0, 0, 0, 0, 4, 0, 5
"/Users/Emmanuel/Sites/ngm/resources/javascript/jquery.gomap-1.3.2.min.js", "JavaScript", 0, 1, 0, 0, 0, 0, 8, 1, 10
"/Users/Emmanuel/Sites/ngm/resources/javascript/jquery.isotope.min.js", "JavaScript", 0, 2, 0, 0, 0, 0, 5, 1, 8
"/Users/Emmanuel/Sites/ngm/resources/javascript/jquery.min.js", "JavaScript", 0, 4, 0, 0, 0, 0, 1, 0, 5
"/Users/Emmanuel/Sites/ngm/resources/javascript/magnific.popup.min.js", "JavaScript", 0, 1, 0, 0, 0, 0, 3, 0, 4
"/Users/Emmanuel/Sites/ngm/resources/javascript/owl.carousel.min.js", "JavaScript", 0, 2, 0, 0, 0, 0, 5, 0, 7
"/Users/Emmanuel/Sites/ngm/resources/javascript/tether.min.js", "JavaScript", 0, 1, 0, 0, 0, 0, 0, 0, 1
"/Users/Emmanuel/Sites/ngm/resources/js/app.js", "JavaScript", 0, 4, 0, 0, 0, 0, 11, 2, 17
"/Users/Emmanuel/Sites/ngm/resources/js/bootstrap.js", "JavaScript", 0, 3, 0, 0, 0, 0, 23, 7, 33
"/Users/Emmanuel/Sites/ngm/resources/js/images-loaded.js", "JavaScript", 0, 1, 0, 0, 0, 0, 5, 2, 8
"/Users/Emmanuel/Sites/ngm/resources/js/jquery-countTo.js", "JavaScript", 0, 60, 0, 0, 0, 0, 6, 15, 81
"/Users/Emmanuel/Sites/ngm/resources/js/jquery-ui.js", "JavaScript", 0, 13563, 0, 0, 0, 0, 2075, 3068, 18706
"/Users/Emmanuel/Sites/ngm/resources/js/jquery-waypoints.js", "JavaScript", 0, 1, 0, 0, 0, 0, 7, 0, 8
"/Users/Emmanuel/Sites/ngm/resources/js/jquery.cookie.js", "JavaScript", 0, 1, 0, 0, 0, 0, 7, 1, 9
"/Users/Emmanuel/Sites/ngm/resources/js/jquery.countdown.js", "JavaScript", 0, 225, 0, 0, 0, 0, 21, 0, 246
"/Users/Emmanuel/Sites/ngm/resources/js/jquery.easing.js", "JavaScript", 0, 132, 0, 0, 0, 0, 5, 2, 139
"/Users/Emmanuel/Sites/ngm/resources/js/jquery.hoverdir.js", "JavaScript", 0, 199, 0, 0, 0, 0, 79, 20, 298
"/Users/Emmanuel/Sites/ngm/resources/js/main.js", "JavaScript", 0, 698, 0, 0, 0, 0, 31, 107, 836
"/Users/Emmanuel/Sites/ngm/resources/js/parallax.js", "JavaScript", 0, 42, 0, 0, 0, 0, 16, 14, 72
"/Users/Emmanuel/Sites/ngm/resources/js/rev-slider.js", "JavaScript", 0, 402, 0, 0, 0, 0, 5, 10, 417
"/Users/Emmanuel/Sites/ngm/resources/js/switcher.js", "JavaScript", 0, 108, 0, 0, 0, 0, 1, 12, 121
"/Users/Emmanuel/Sites/ngm/resources/rev-slider/css/layers.css", "CSS", 0, 0, 0, 0, 4715, 0, 13, 188, 4916
"/Users/Emmanuel/Sites/ngm/resources/rev-slider/css/navigation.css", "CSS", 0, 0, 0, 0, 2241, 0, 229, 383, 2853
"/Users/Emmanuel/Sites/ngm/resources/rev-slider/css/settings.css", "CSS", 0, 0, 0, 0, 937, 0, 83, 242, 1262
"/Users/Emmanuel/Sites/ngm/resources/rev-slider/fonts/revicons/revicons90c6.svg", "XML", 0, 0, 0, 0, 0, 54, 0, 0, 54
"/Users/Emmanuel/Sites/ngm/resources/rev-slider/js/extensions/revolution.extension.actions.min.js", "JavaScript", 0, 1, 0, 0, 0, 0, 6, 0, 7
"/Users/Emmanuel/Sites/ngm/resources/rev-slider/js/extensions/revolution.extension.carousel.min.js", "JavaScript", 0, 1, 0, 0, 0, 0, 6, 0, 7
"/Users/Emmanuel/Sites/ngm/resources/rev-slider/js/extensions/revolution.extension.kenburn.min.js", "JavaScript", 0, 1, 0, 0, 0, 0, 6, 0, 7
"/Users/Emmanuel/Sites/ngm/resources/rev-slider/js/extensions/revolution.extension.layeranimation.min.js", "JavaScript", 0, 1, 0, 0, 0, 0, 6, 0, 7
"/Users/Emmanuel/Sites/ngm/resources/rev-slider/js/extensions/revolution.extension.migration.min.js", "JavaScript", 0, 1, 0, 0, 0, 0, 6, 0, 7
"/Users/Emmanuel/Sites/ngm/resources/rev-slider/js/extensions/revolution.extension.navigation.min.js", "JavaScript", 0, 1, 0, 0, 0, 0, 6, 0, 7
"/Users/Emmanuel/Sites/ngm/resources/rev-slider/js/extensions/revolution.extension.parallax.min.js", "JavaScript", 0, 1, 0, 0, 0, 0, 6, 0, 7
"/Users/Emmanuel/Sites/ngm/resources/rev-slider/js/extensions/revolution.extension.slideanims.min.js", "JavaScript", 0, 1, 0, 0, 0, 0, 6, 0, 7
"/Users/Emmanuel/Sites/ngm/resources/rev-slider/js/extensions/revolution.extension.video.min.js", "JavaScript", 0, 1, 0, 0, 0, 0, 6, 0, 7
"/Users/Emmanuel/Sites/ngm/resources/rev-slider/js/jquery.themepunch.revolution.min.js", "JavaScript", 0, 2, 0, 0, 0, 0, 6, 0, 8
"/Users/Emmanuel/Sites/ngm/resources/rev-slider/js/jquery.themepunch.tools.min.js", "JavaScript", 0, 42, 0, 0, 0, 0, 73, 25, 140
"/Users/Emmanuel/Sites/ngm/resources/templatemo/templatemo.js", "JavaScript", 0, 41, 0, 0, 0, 0, 11, 6, 58
"/Users/Emmanuel/Sites/ngm/resources/templatemo/templatemo.min.js", "JavaScript", 0, 1, 0, 0, 0, 0, 0, 0, 1
"/Users/Emmanuel/Sites/ngm/resources/views/admin/blog_category/blog_category_add.blade.php", "PHP", 0, 0, 55, 0, 0, 0, 0, 24, 79
"/Users/Emmanuel/Sites/ngm/resources/views/admin/blog_category/blog_category_all.blade.php", "PHP", 0, 0, 45, 0, 0, 0, 0, 25, 70
"/Users/Emmanuel/Sites/ngm/resources/views/admin/blog_category/blog_category_edit.blade.php", "PHP", 0, 0, 31, 0, 0, 0, 0, 20, 51
"/Users/Emmanuel/Sites/ngm/resources/views/admin/calendar.blade.php", "PHP", 0, 0, 113, 0, 0, 0, 0, 12, 125
"/Users/Emmanuel/Sites/ngm/resources/views/admin/index.blade.php", "PHP", 0, 0, 403, 0, 0, 0, 0, 17, 420
"/Users/Emmanuel/Sites/ngm/resources/views/admin/main_master.blade.php", "PHP", 0, 0, 696, 0, 0, 0, 0, 90, 786
"/Users/Emmanuel/Sites/ngm/resources/views/auth/confirm-password.blade.php", "PHP", 0, 0, 22, 0, 0, 0, 0, 6, 28
"/Users/Emmanuel/Sites/ngm/resources/views/auth/forgot-password.blade.php", "PHP", 0, 0, 21, 0, 0, 0, 0, 5, 26
"/Users/Emmanuel/Sites/ngm/resources/views/auth/login.blade.php", "PHP", 0, 0, 39, 0, 0, 0, 0, 9, 48
"/Users/Emmanuel/Sites/ngm/resources/views/auth/register.blade.php", "PHP", 0, 0, 42, 0, 0, 0, 0, 11, 53
"/Users/Emmanuel/Sites/ngm/resources/views/auth/reset-password.blade.php", "PHP", 0, 0, 32, 0, 0, 0, 0, 8, 40
"/Users/Emmanuel/Sites/ngm/resources/views/auth/verify-email.blade.php", "PHP", 0, 0, 26, 0, 0, 0, 0, 6, 32
"/Users/Emmanuel/Sites/ngm/resources/views/components/application-logo.blade.php", "PHP", 0, 0, 3, 0, 0, 0, 0, 1, 4
"/Users/Emmanuel/Sites/ngm/resources/views/components/auth-session-status.blade.php", "PHP", 0, 0, 6, 0, 0, 0, 0, 2, 8
"/Users/Emmanuel/Sites/ngm/resources/views/components/danger-button.blade.php", "PHP", 0, 0, 3, 0, 0, 0, 0, 1, 4
"/Users/Emmanuel/Sites/ngm/resources/views/components/dropdown-link.blade.php", "PHP", 0, 0, 1, 0, 0, 0, 0, 1, 2
"/Users/Emmanuel/Sites/ngm/resources/views/components/dropdown.blade.php", "PHP", 0, 0, 39, 0, 0, 0, 0, 5, 44
"/Users/Emmanuel/Sites/ngm/resources/views/components/input-error.blade.php", "PHP", 0, 0, 8, 0, 0, 0, 0, 2, 10
"/Users/Emmanuel/Sites/ngm/resources/views/components/input-label.blade.php", "PHP", 0, 0, 4, 0, 0, 0, 0, 2, 6
"/Users/Emmanuel/Sites/ngm/resources/views/components/modal.blade.php", "PHP", 0, 0, 72, 0, 0, 0, 2, 4, 78
"/Users/Emmanuel/Sites/ngm/resources/views/components/nav-link.blade.php", "PHP", 0, 0, 9, 0, 0, 0, 0, 3, 12
"/Users/Emmanuel/Sites/ngm/resources/views/components/ngm-logo.blade.php", "PHP", 0, 0, 12, 0, 0, 0, 0, 1, 13
"/Users/Emmanuel/Sites/ngm/resources/views/components/primary-button.blade.php", "PHP", 0, 0, 3, 0, 0, 0, 0, 1, 4
"/Users/Emmanuel/Sites/ngm/resources/views/components/responsive-nav-link.blade.php", "PHP", 0, 0, 9, 0, 0, 0, 0, 3, 12
"/Users/Emmanuel/Sites/ngm/resources/views/components/secondary-button.blade.php", "PHP", 0, 0, 3, 0, 0, 0, 0, 1, 4
"/Users/Emmanuel/Sites/ngm/resources/views/components/text-input.blade.php", "PHP", 0, 0, 2, 0, 0, 0, 0, 2, 4
"/Users/Emmanuel/Sites/ngm/resources/views/contact.blade.php", "PHP", 0, 0, 21, 0, 0, 0, 0, 5, 26
"/Users/Emmanuel/Sites/ngm/resources/views/dashboard.blade.php", "PHP", 0, 0, 16, 0, 0, 0, 0, 2, 18
"/Users/Emmanuel/Sites/ngm/resources/views/frontend/about_page.blade.php", "PHP", 0, 0, 21, 0, 0, 0, 0, 3, 24
"/Users/Emmanuel/Sites/ngm/resources/views/frontend/accidents.blade.php", "PHP", 0, 0, 98, 0, 0, 0, 0, 6, 104
"/Users/Emmanuel/Sites/ngm/resources/views/frontend/blog.blade.php", "PHP", 0, 0, 4, 0, 0, 0, 0, 3, 7
"/Users/Emmanuel/Sites/ngm/resources/views/frontend/blog_details.blade.php", "PHP", 0, 0, 4, 0, 0, 0, 0, 3, 7
"/Users/Emmanuel/Sites/ngm/resources/views/frontend/body/footer.blade.php", "PHP", 0, 0, 91, 0, 0, 0, 0, 1, 92
"/Users/Emmanuel/Sites/ngm/resources/views/frontend/body/head.blade.php", "PHP", 0, 0, 25, 0, 0, 0, 0, 10, 35
"/Users/Emmanuel/Sites/ngm/resources/views/frontend/body/header.blade.php", "PHP", 0, 0, 131, 0, 0, 0, 0, 2, 133
"/Users/Emmanuel/Sites/ngm/resources/views/frontend/body/header_shop.blade.php", "PHP", 0, 0, 148, 0, 0, 0, 0, 4, 152
"/Users/Emmanuel/Sites/ngm/resources/views/frontend/body/newsletter.blade.php", "PHP", 0, 0, 32, 0, 0, 0, 0, 0, 32
"/Users/Emmanuel/Sites/ngm/resources/views/frontend/body/sidebar.blade.php", "PHP", 0, 0, 81, 0, 0, 0, 0, 0, 81
"/Users/Emmanuel/Sites/ngm/resources/views/frontend/cat_blog_details.blade.php", "PHP", 0, 0, 4, 0, 0, 0, 0, 3, 7
"/Users/Emmanuel/Sites/ngm/resources/views/frontend/contact.blade.php", "PHP", 0, 0, 21, 0, 0, 0, 0, 3, 24
"/Users/Emmanuel/Sites/ngm/resources/views/frontend/faqs.blade.php", "PHP", 0, 0, 4, 0, 0, 0, 0, 3, 7
"/Users/Emmanuel/Sites/ngm/resources/views/frontend/home_all/home.blade.php", "PHP", 0, 0, 213, 0, 0, 0, 0, 5, 218
"/Users/Emmanuel/Sites/ngm/resources/views/frontend/index.blade.php", "PHP", 0, 0, 159, 0, 0, 0, 0, 6, 165
"/Users/Emmanuel/Sites/ngm/resources/views/frontend/main_master.blade.php", "PHP", 0, 0, 69, 0, 0, 0, 0, 22, 91
"/Users/Emmanuel/Sites/ngm/resources/views/frontend/main_shop.blade.php", "PHP", 0, 0, 165, 0, 0, 0, 0, 22, 187
"/Users/Emmanuel/Sites/ngm/resources/views/frontend/portfolio.blade.php", "PHP", 0, 0, 4, 0, 0, 0, 0, 3, 7
"/Users/Emmanuel/Sites/ngm/resources/views/frontend/portfolio_details.blade.php", "PHP", 0, 0, 4, 0, 0, 0, 0, 3, 7
"/Users/Emmanuel/Sites/ngm/resources/views/frontend/privacy-policy.blade.php", "PHP", 0, 0, 4, 0, 0, 0, 0, 3, 7
"/Users/Emmanuel/Sites/ngm/resources/views/frontend/rentals-details.blade.php", "PHP", 0, 0, 4, 0, 0, 0, 0, 3, 7
"/Users/Emmanuel/Sites/ngm/resources/views/frontend/rentals-hondapcx125.blade.php", "PHP", 0, 0, 408, 0, 0, 0, 0, 10, 418
"/Users/Emmanuel/Sites/ngm/resources/views/frontend/rentals-information.blade.php", "PHP", 0, 0, 4, 0, 0, 0, 0, 3, 7
"/Users/Emmanuel/Sites/ngm/resources/views/frontend/rentals-motorcycles.blade.php", "PHP", 0, 0, 361, 0, 0, 0, 0, 4, 365
"/Users/Emmanuel/Sites/ngm/resources/views/frontend/returns.blade.php", "PHP", 0, 0, 4, 0, 0, 0, 0, 3, 7
"/Users/Emmanuel/Sites/ngm/resources/views/frontend/road-traffic-accidents.blade.php", "PHP", 0, 0, 4, 0, 0, 0, 0, 3, 7
"/Users/Emmanuel/Sites/ngm/resources/views/frontend/sale-motorcycles.blade.php", "PHP", 0, 0, 262, 0, 0, 0, 0, 4, 266
"/Users/Emmanuel/Sites/ngm/resources/views/frontend/service-mot.blade.php", "PHP", 0, 0, 22, 0, 0, 0, 0, 3, 25
"/Users/Emmanuel/Sites/ngm/resources/views/frontend/service-motorcycle.blade.php", "PHP", 0, 0, 22, 0, 0, 0, 0, 3, 25
"/Users/Emmanuel/Sites/ngm/resources/views/frontend/service-repairs.blade.php", "PHP", 0, 0, 21, 0, 0, 0, 0, 3, 24
"/Users/Emmanuel/Sites/ngm/resources/views/frontend/services.blade.php", "PHP", 0, 0, 97, 0, 0, 0, 0, 7, 104
"/Users/Emmanuel/Sites/ngm/resources/views/frontend/terms-of-service.blade.php", "PHP", 0, 0, 4, 0, 0, 0, 0, 3, 7
"/Users/Emmanuel/Sites/ngm/resources/views/layouts/app.blade.php", "PHP", 0, 0, 31, 0, 0, 0, 0, 6, 37
"/Users/Emmanuel/Sites/ngm/resources/views/layouts/guest.blade.php", "PHP", 0, 0, 26, 0, 0, 0, 0, 7, 33
"/Users/Emmanuel/Sites/ngm/resources/views/layouts/navigation.blade.php", "PHP", 0, 0, 88, 0, 0, 0, 0, 13, 101
"/Users/Emmanuel/Sites/ngm/resources/views/livewire/user-management.blade.php", "PHP", 0, 0, 3, 0, 0, 0, 0, 1, 4
"/Users/Emmanuel/Sites/ngm/resources/views/profile/edit.blade.php", "PHP", 0, 0, 26, 0, 0, 0, 0, 4, 30
"/Users/Emmanuel/Sites/ngm/resources/views/profile/partials/delete-user-form.blade.php", "PHP", 0, 0, 45, 0, 0, 0, 0, 11, 56
"/Users/Emmanuel/Sites/ngm/resources/views/profile/partials/update-password-form.blade.php", "PHP", 0, 0, 41, 0, 0, 0, 0, 8, 49
"/Users/Emmanuel/Sites/ngm/resources/views/profile/partials/update-profile-information-form.blade.php", "PHP", 0, 0, 54, 0, 0, 0, 0, 11, 65
"/Users/Emmanuel/Sites/ngm/resources/views/shop/accessories.blade.php", "PHP", 0, 0, 215, 0, 0, 0, 0, 6, 221
"/Users/Emmanuel/Sites/ngm/resources/views/shop/gps-tracker.blade.php", "PHP", 0, 0, 21, 0, 0, 0, 0, 3, 24
"/Users/Emmanuel/Sites/ngm/resources/views/shop/handlebar-accessories.blade.php", "PHP", 0, 0, 140, 0, 0, 0, 0, 5, 145
"/Users/Emmanuel/Sites/ngm/resources/views/shop/product-types.blade.php", "PHP", 0, 0, 144, 0, 0, 0, 0, 6, 150
"/Users/Emmanuel/Sites/ngm/resources/views/shop/products.blade.php", "PHP", 0, 0, 182, 0, 0, 0, 0, 4, 186
"/Users/Emmanuel/Sites/ngm/resources/views/shop/products.php", "PHP", 0, 0, 272, 0, 0, 0, 0, 8, 280
"/Users/Emmanuel/Sites/ngm/resources/views/shop/shop-template.blade.php", "PHP", 0, 0, 125, 0, 0, 0, 0, 4, 129
"/Users/Emmanuel/Sites/ngm/resources/views/shop/shop_master.blade.old.php", "PHP", 0, 0, 126, 0, 0, 0, 4, 25, 155
"/Users/Emmanuel/Sites/ngm/resources/views/shop/spare-parts.blade.php", "PHP", 0, 0, 25, 0, 0, 0, 0, 3, 28
"/Users/Emmanuel/Sites/ngm/resources/views/welcome.blade.php", "PHP", 0, 0, 118, 0, 0, 0, 0, 23, 141
"/Users/Emmanuel/Sites/ngm/routes/api.php", "PHP", 0, 0, 6, 0, 0, 0, 10, 4, 20
"/Users/Emmanuel/Sites/ngm/routes/auth.php", "PHP", 0, 0, 43, 0, 0, 0, 0, 17, 60
"/Users/Emmanuel/Sites/ngm/routes/channels.php", "PHP", 0, 0, 5, 0, 0, 0, 10, 4, 19
"/Users/Emmanuel/Sites/ngm/routes/console.php", "PHP", 0, 0, 6, 0, 0, 0, 10, 4, 20
"/Users/Emmanuel/Sites/ngm/routes/web.php", "PHP", 0, 0, 61, 0, 0, 0, 18, 15, 94
"/Users/Emmanuel/Sites/ngm/tailwind.config.js", "JavaScript", 0, 15, 0, 0, 0, 0, 2, 4, 21
"/Users/Emmanuel/Sites/ngm/tests/CreatesApplication.php", "PHP", 0, 0, 13, 0, 0, 0, 3, 6, 22
"/Users/Emmanuel/Sites/ngm/tests/Feature/Auth/AuthenticationTest.php", "PHP", 0, 0, 34, 0, 0, 0, 0, 12, 46
"/Users/Emmanuel/Sites/ngm/tests/Feature/Auth/EmailVerificationTest.php", "PHP", 0, 0, 50, 0, 0, 0, 0, 16, 66
"/Users/Emmanuel/Sites/ngm/tests/Feature/Auth/PasswordConfirmationTest.php", "PHP", 0, 0, 32, 0, 0, 0, 0, 13, 45
"/Users/Emmanuel/Sites/ngm/tests/Feature/Auth/PasswordResetTest.php", "PHP", 0, 0, 50, 0, 0, 0, 0, 22, 72
"/Users/Emmanuel/Sites/ngm/tests/Feature/Auth/PasswordUpdateTest.php", "PHP", 0, 0, 41, 0, 0, 0, 0, 11, 52
"/Users/Emmanuel/Sites/ngm/tests/Feature/Auth/RegistrationTest.php", "PHP", 0, 0, 25, 0, 0, 0, 0, 8, 33
"/Users/Emmanuel/Sites/ngm/tests/Feature/ExampleTest.php", "PHP", 0, 0, 11, 0, 0, 0, 4, 5, 20
"/Users/Emmanuel/Sites/ngm/tests/Feature/ProfileTest.php", "PHP", 0, 0, 76, 0, 0, 0, 0, 24, 100
"/Users/Emmanuel/Sites/ngm/tests/TestCase.php", "PHP", 0, 0, 7, 0, 0, 0, 0, 4, 11
"/Users/Emmanuel/Sites/ngm/tests/Unit/ExampleTest.php", "PHP", 0, 0, 10, 0, 0, 0, 3, 4, 17
"/Users/Emmanuel/Sites/ngm/vendor/spatie/ignition/resources/compiled/ignition.css", "CSS", 0, 0, 0, 0, 1, 0, 2, 0, 3
"/Users/Emmanuel/Sites/ngm/vendor/spatie/ignition/resources/compiled/ignition.js", "JavaScript", 0, 6, 0, 0, 0, 0, 0, 1, 7
"/Users/Emmanuel/Sites/ngm/vite.config.js", "JavaScript", 0, 13, 0, 0, 0, 0, 0, 2, 15
"Total", "-", 13567, 15678, 17184, 45, 30893, 1975, 21354, 9844, 110540